{"cameraMode":{"drawMode":0,"name":"Shaded","section":"Shading Mode"},"sceneLighting":false,"audioPlay":false,"sceneViewState":{"showFog":true,"showMaterialUpdate":false,"showSkybox":false,"showFlares":true,"showImageEffects":true,"showParticleSystems":true},"in2DMode":false,"pivot":{"x":-0.43212056159973147,"y":3.0352349281311037,"z":-16.95876121520996},"rotation":{"x":0.0001392439880874008,"y":-0.9996140599250794,"z":0.027308205142617227,"w":0.005105513148009777},"size":22.105045318603517,"orthographic":false}