{"cameraMode":{"drawMode":0,"name":"Shaded","section":"Shading Mode"},"sceneLighting":true,"audioPlay":false,"sceneViewState":{"showFog":true,"showMaterialUpdate":false,"showSkybox":true,"showFlares":true,"showImageEffects":true,"showParticleSystems":true},"in2DMode":false,"pivot":{"x":-0.08266448974609375,"y":-7.385417938232422,"z":8.104765892028809},"rotation":{"x":0.3155449330806732,"y":-0.022549785673618318,"z":0.007494223304092884,"w":0.9486131072044373},"size":58.30463409423828,"orthographic":false}